SAHAM,MARKET PRICE,SAHAM,REVIEW,BV,EPS,DPS,SUPPORT/ RESIST,SUPPORT/ RESIST,SUPPORT/ RESIST,SUPPORT/ RESIST,SUPPORT/ RESIST,SUPPORT/ RESIST,SUPPORT/ RESIST,SUPPORT/ RESIST,SUPPORT/ RESIST,SUPPORT/ RESIST,SUPPORT/ RESIST,PURPOSE
IDX:AALI,8075,BBRI,"Secara fundamental BBRI dalam kondisi yang sangat sehat dan solid, tercermin dari pertumbuhan laba bersih kuartal I 2026 yang mencapai Rp15 triliun atau tumbuh 13,2% secara tahunan (YoY). Kinerja positif ini didukung oleh perbaikan kualitas risiko kredit ditandai dengan penurunan Cost of Credit (CoC) ke level 3,3% serta valuasi yang sangat murah, dan PER dan PBV Band berada di All Time Low. Meskipun harus mewaspadai Net Interest Margin (NIM) dan dinamika likuiditas dari kebijakan pemerintah, fundamental operasional yang kuat namun dijual dengan valuasi murah menjadikan BBRI tetap menarik untuk jangka panjang",2231.5,408.89,346,6400,5500,5000,4400,4000,3650,3200,3000,2700,2500,2150,INVEST/ JANGKA PANJANG
IDX:ABBA,30,BBCA,"Secara fundamental BBCA sangat kuat dan resilien, didorong oleh pertumbuhan kredit yang sehat serta dominasinya sebagai bank transaksional utama di Indonesia. Keunggulan utama BBCA terletak pada struktur pendanaan yang sangat murah dan stabil yang bersumber dari tingginya porsi dana murah (CASA), sehingga mampu menjaga Net Interest Margin (NIM). Selain itu rasio kredit bermasalah (Non-Performing Loan / NPL) yang rendah dan rasio pencadangan (coverage ratio) yang sangat konservatif. Fundamental operasional yang superior, profitabilitas yang konsisten, serta manajemen risiko yang disiplin namun PER dan PBV Band berada di All Time Low menjadikan BBCA pilihan utama yang defensif sekaligus atraktif untuk jangka panjang",2193.77,479.16,301,10950,10400,9800,9200,8600,8200,7500,7250,6600,5600,4900,INVEST/ JANGKA PANJANG
IDX:ABDA,4910,BMRI,,3049.22,651,476.96,,,,,,,,,,,,INVEST/ JANGKA PANJANG
IDX:ABMM,2610,INKP,,21747,1924,75,,,,,,,,,,,,INVEST/ JANGKA PANJANG
IDX:ACES,322,PNLF,,984,101,0,,,,,,,,,,,,INVEST/ JANGKA PANJANG
IDX:ACST,92,PNBN,,2214,113,42,,,,,,,,,,,,INVEST/ JANGKA PANJANG
IDX:ADES,35250,,,,,,,,,,,,,,,,,
IDX:ADHI,133,,,,,,,,,,,,,,,,,
IDX:AISA,115,,,,,,,,,,,,,,,,,
IDX:AKKU,40,,,,,,,,,,,,,,,,,
IDX:AKPI,505,,,,,,,,,,,,,,,,,
IDX:AKRA,1480,,,,,,,,,,,,,,,,,
IDX:AKSI,334,,,,,,,,,,,,,,,,,
IDX:ALDO,1240,,,,,,,,,,,,,,,,,
IDX:ALKA,4570,,,,,,,,,,,,,,,,,
IDX:ALMI,74,,,,,,,,,,,,,,,,,
IDX:ALTO,18,,,,,,,,,,,,,,,,,
IDX:AMAG,384,,,,,,,,,,,,,,,,,
IDX:AMFG,3200,,,,,,,,,,,,,,,,,
IDX:AMIN,258,,,,,,,,,,,,,,,,,
IDX:AMRT,1270,,,,,,,,,,,,,,,,,
IDX:ANJT,1570,,,,,,,,,,,,,,,,,
IDX:ANTM,3140,,,,,,,,,,,,,,,,,
IDX:APEX,170,,,,,,,,,,,,,,,,,
IDX:APIC,388,Notes,"Review dibawah ini merupakan screening awal untuk saham yang bervaluasi murah dan potensial, bukan merupakan rekomendasi jual atau beli. Review akan diupdate secara berkala secara otomatis dan data akan segera dilengkapi. Untuk list saham yang masih dapat dibeli di range harga berapa, silahkan cek di bio grup Telegram Cigar Butt Investing",,,,,,,,,,,,,,,
IDX:APII,188,,,,,,,,,,,,,,,,,
IDX:APLI,272,,,,,,,,,,,,,,,,,
IDX:APLN,104,,,,,,,,,,,,,,,,,
IDX:ARGO,1150,,,,,,,,,,,,,,,,,
IDX:ARII,330,,,,,,,,,,,,,,,,,
IDX:ARNA,510,,,,,,,,,,,,,,,,,
IDX:ARTA,1670,,,,,,,,,,,,,,,,,
IDX:ARTI,2,,,,,,,,,,,,,,,,,
IDX:ARTO,760,,,,,,,,,,,,,,,,,
IDX:ASBI,390,,,,,,,,,,,,,,,,,
IDX:ASDM,505,,,,,,,,,,,,,,,,,
IDX:ASGR,2460,,,,,,,,,,,,,,,,,
IDX:ASII,4580,,,,,,,,,,,,,,,,,
IDX:ASJT,162,,,,,,,,,,,,,,,,,
IDX:ASMI,20,,,,,,,,,,,,,,,,,
IDX:ASRI,117,,,,,,,,,,,,,,,,,
IDX:ASRM,274,,,,,,,,,,,,,,,,,
IDX:ASSA,565,,,,,,,,,,,,,,,,,
IDX:ATIC,440,,,,,,,,,,,,,,,,,
IDX:AUTO,3300,,,,,,,,,,,,,,,,,
IDX:BABP,29,,,,,,,,,,,,,,,,,
IDX:BACA,108,,,,,,,,,,,,,,,,,
IDX:BAJA,302,,,,,,,,,,,,,,,,,
IDX:BALI,1320,,,,,,,,,,,,,,,,,
IDX:BAPA,102,,,,,,,,,,,,,,,,,
IDX:BATA,59,,,,,,,,,,,,,,,,,
IDX:BAYU,1310,,,,,,,,,,,,,,,,,
IDX:BBCA,6025,,,,,,,,,,,,,,,,,
IDX:BBHI,755,,,,,,,,,,,,,,,,,
IDX:BBKP,39,,,,,,,,,,,,,,,,,
IDX:BBLD,670,,,,,,,,,,,,,,,,,
IDX:BBMD,2060,,,,,,,,,,,,,,,,,
IDX:BBNI,3400,,,,,,,,,,,,,,,,,
IDX:BBRI,3070,,,,,,,,,,,,,,,,,
IDX:BBRM,108,,,,,,,,,,,,,,,,,
IDX:BBTN,1060,,,,,,,,,,,,,,,,,
IDX:BBYB,193,,,,,,,,,,,,,,,,,
IDX:BCAP,30,,,,,,,,,,,,,,,,,
IDX:BCIC,127,,,,,,,,,,,,,,,,,
IDX:BCIP,52,,,,,,,,,,,,,,,,,
IDX:BDMN,4610,,,,,,,,,,,,,,,,,
IDX:BEKS,26,,,,,,,,,,,,,,,,,
IDX:BEST,120,,,,,,,,,,,,,,,,,
IDX:BFIN,910,,,,,,,,,,,,,,,,,
IDX:BGTG,104,,,,,,,,,,,,,,,,,
IDX:BHIT,21,,,,,,,,,,,,,,,,,
IDX:BIKA,55,,,,,,,,,,,,,,,,,
IDX:BIMA,82,,,,,,,,,,,,,,,,,
IDX:BINA,4020,,,,,,,,,,,,,,,,,
IDX:BIPI,128,,,,,,,,,,,,,,,,,
IDX:BIPP,65,,,,,,,,,,,,,,,,,
IDX:BIRD,1550,,,,,,,,,,,,,,,,,
IDX:BISI,680,,,,,,,,,,,,,,,,,
IDX:BJBR,755,,,,,,,,,,,,,,,,,
IDX:BJTM,505,,,,,,,,,,,,,,,,,
IDX:BKDP,182,,,,,,,,,,,,,,,,,
IDX:BKSL,55,,,,,,,,,,,,,,,,,
IDX:BKSW,48,,,,,,,,,,,,,,,,,
IDX:BLTA,35,,,,,,,,,,,,,,,,,
IDX:BLTZ,3600,,,,,,,,,,,,,,,,,
IDX:BMAS,484,,,,,,,,,,,,,,,,,
IDX:BMRI,4020,,,,,,,,,,,,,,,,,
IDX:BMSR,312,,,,,,,,,,,,,,,,,
IDX:BMTR,76,,,,,,,,,,,,,,,,,
IDX:BNBA,835,,,,,,,,,,,,,,,,,
IDX:BNBR,71,,,,,,,,,,,,,,,,,
IDX:BNGA,1685,,,,,,,,,,,,,,,,,
IDX:BNII,188,,,,,,,,,,,,,,,,,
IDX:BNLI,1880,,,,,,,,,,,,,,,,,
IDX:BOLT,775,,,,,,,,,,,,,,,,,
IDX:BPFI,236,,,,,,,,,,,,,,,,,
IDX:BPII,462,,,,,,,,,,,,,,,,,
IDX:BRAM,4570,,,,,,,,,,,,,,,,,
IDX:BRMS,555,,,,,,,,,,,,,,,,,
IDX:BRNA,725,,,,,,,,,,,,,,,,,
IDX:BRPT,1410,,,,,,,,,,,,,,,,,
IDX:BSDE,545,,,,,,,,,,,,,,,,,
IDX:BSIM,905,,,,,,,,,,,,,,,,,
IDX:BSSR,5000,,,,,,,,,,,,,,,,,
IDX:BSWD,3600,,,,,,,,,,,,,,,,,
IDX:BTEK,11,,,,,,,,,,,,,,,,,
IDX:BTEL,50,,,,,,,,,,,,,,,,,
IDX:BTON,366,,,,,,,,,,,,,,,,,
IDX:BTPN,2430,,,,,,,,,,,,,,,,,
IDX:BUDI,218,,,,,,,,,,,,,,,,,
IDX:BUKK,955,,,,,,,,,,,,,,,,,
IDX:BULL,346,,,,,,,,,,,,,,,,,
IDX:BUMI,171,,,,,,,,,,,,,,,,,
IDX:BUVA,600,,,,,,,,,,,,,,,,,
IDX:BVIC,87,,,,,,,,,,,,,,,,,
IDX:BWPT,101,,,,,,,,,,,,,,,,,
IDX:BYAN,11750,,,,,,,,,,,,,,,,,
IDX:CANI,135,,,,,,,,,,,,,,,,,
IDX:CASS,1825,,,,,,,,,,,,,,,,,
IDX:CEKA,2200,,,,,,,,,,,,,,,,,
IDX:CENT,92,,,,,,,,,,,,,,,,,
IDX:CFIN,352,,,,,,,,,,,,,,,,,
IDX:CINT,187,,,,,,,,,,,,,,,,,
IDX:CITA,3340,,,,,,,,,,,,,,,,,
IDX:CLPI,1585,,,,,,,,,,,,,,,,,
IDX:CMNP,1385,,,,,,,,,,,,,,,,,
IDX:CMPP,69,,,,,,,,,,,,,,,,,
IDX:CNKO,37,,,,,,,,,,,,,,,,,
IDX:CNTX,#N/A,,,,,,,,,,,,,,,,,
IDX:COWL,50,,,,,,,,,,,,,,,,,
IDX:CPIN,2890,,,,,,,,,,,,,,,,,
IDX:CPRO,38,,,,,,,,,,,,,,,,,
IDX:CSAP,274,,,,,,,,,,,,,,,,,
IDX:CTBN,2780,,,,,,,,,,,,,,,,,
IDX:CTRA,530,,,,,,,,,,,,,,,,,
IDX:CTTH,91,,,,,,,,,,,,,,,,,
IDX:DART,154,,,,,,,,,,,,,,,,,
IDX:DEFI,89,,,,,,,,,,,,,,,,,
IDX:DEWA,334,,,,,,,,,,,,,,,,,
IDX:DGIK,134,,,,,,,,,,,,,,,,,
IDX:DILD,107,,,,,,,,,,,,,,,,,
IDX:DKFT,645,,,,,,,,,,,,,,,,,
IDX:DLTA,1790,,,,,,,,,,,,,,,,,
IDX:DMAS,179,,,,,,,,,,,,,,,,,
IDX:DNAR,120,,,,,,,,,,,,,,,,,
IDX:DNET,9500,,,,,,,,,,,,,,,,,
IDX:DOID,210,,,,,,,,,,,,,,,,,
IDX:DPNS,310,,,,,,,,,,,,,,,,,
IDX:DSFI,80,,,,,,,,,,,,,,,,,
IDX:DSNG,1545,,,,,,,,,,,,,,,,,
IDX:DSSA,1140,,,,,,,,,,,,,,,,,
IDX:DUTI,4700,,,,,,,,,,,,,,,,,
IDX:DVLA,1580,,,,,,,,,,,,,,,,,
IDX:DYAN,79,,,,,,,,,,,,,,,,,
IDX:ECII,148,,,,,,,,,,,,,,,,,
IDX:EKAD,368,,,,,,,,,,,,,,,,,
IDX:ELSA,625,,,,,,,,,,,,,,,,,
IDX:ELTY,29,,,,,,,,,,,,,,,,,
IDX:EMDE,64,,,,,,,,,,,,,,,,,
IDX:EMTK,382,,,,,,,,,,,,,,,,,
IDX:ENRG,1425,,,,,,,,,,,,,,,,,
IDX:EPMT,2650,,,,,,,,,,,,,,,,,
IDX:ERAA,580,,,,,,,,,,,,,,,,,
IDX:ERTX,160,,,,,,,,,,,,,,,,,
IDX:ESSA,570,,,,,,,,,,,,,,,,,
IDX:ESTI,148,,,,,,,,,,,,,,,,,
IDX:ETWA,70,,,,,,,,,,,,,,,,,
IDX:EXCL,2410,,,,,,,,,,,,,,,,,
IDX:FAST,402,,,,,,,,,,,,,,,,,
IDX:FASW,5450,,,,,,,,,,,,,,,,,
IDX:FISH,580,,,,,,,,,,,,,,,,,
IDX:FMII,238,,,,,,,,,,,,,,,,,
IDX:FORU,163,,,,,,,,,,,,,,,,,
IDX:FPNI,482,,,,,,,,,,,,,,,,,
IDX:GAMA,18,,,,,,,,,,,,,,,,,
IDX:GDST,106,,,,,,,,,,,,,,,,,
IDX:GDYR,1130,,,,,,,,,,,,,,,,,
IDX:GEMA,78,,,,,,,,,,,,,,,,,
IDX:GEMS,8350,,,,,,,,,,,,,,,,,
IDX:GGRM,17025,,,,,,,,,,,,,,,,,
IDX:GIAA,53,,,,,,,,,,,,,,,,,
IDX:GJTL,1225,,,,,,,,,,,,,,,,,
IDX:GLOB,155,,,,,,,,,,,,,,,,,
IDX:GMTD,930,,,,,,,,,,,,,,,,,
IDX:GOLD,276,,,,,,,,,,,,,,,,,
IDX:GOLL,50,,,,,,,,,,,,,,,,,
IDX:GPRA,99,,,,,,,,,,,,,,,,,
IDX:GSMF,87,,,,,,,,,,,,,,,,,
IDX:GTBO,159,,,,,,,,,,,,,,,,,
IDX:GWSA,143,,,,,,,,,,,,,,,,,
IDX:GZCO,161,,,,,,,,,,,,,,,,,
IDX:HADE,24,,,,,,,,,,,,,,,,,
IDX:HDFA,93,,,,,,,,,,,,,,,,,
IDX:HERO,326,,,,,,,,,,,,,,,,,
IDX:HEXA,3470,,,,,,,,,,,,,,,,,
IDX:HITS,0,,,,,,,,,,,,,,,,,
IDX:HMSP,610,,,,,,,,,,,,,,,,,
IDX:HOME,50,,,,,,,,,,,,,,,,,
IDX:HOTL,50,,,,,,,,,,,,,,,,,
IDX:HRUM,825,,,,,,,,,,,,,,,,,
IDX:IATA,91,,,,,,,,,,,,,,,,,
IDX:IBFN,63,,,,,,,,,,,,,,,,,
IDX:IBST,8475,,,,,,,,,,,,,,,,,
IDX:ICBP,6725,,,,,,,,,,,,,,,,,
IDX:ICON,122,,,,,,,,,,,,,,,,,
IDX:IGAR,466,,,,,,,,,,,,,,,,,
IDX:IIKP,50,,,,,,,,,,,,,,,,,
IDX:IKAI,19,,,,,,,,,,,,,,,,,
IDX:IKBI,565,,,,,,,,,,,,,,,,,
IDX:IMAS,850,,,,,,,,,,,,,,,,,
IDX:IMJS,163,,,,,,,,,,,,,,,,,
IDX:IMPC,1355,,,,,,,,,,,,,,,,,
IDX:INAF,126,,,,,,,,,,,,,,,,,
IDX:INAI,151,,,,,,,,,,,,,,,,,
IDX:INCI,815,,,,,,,,,,,,,,,,,
IDX:INCO,4200,,,,,,,,,,,,,,,,,
IDX:INDF,6850,,,,,,,,,,,,,,,,,
IDX:INDR,2850,,,,,,,,,,,,,,,,,
IDX:INDS,236,,,,,,,,,,,,,,,,,
IDX:INDX,60,,,,,,,,,,,,,,,,,
IDX:INDY,2550,,,,,,,,,,,,,,,,,
IDX:INKP,8050,,,,,,,,,,,,,,,,,
IDX:INPC,138,,,,,,,,,,,,,,,,,
IDX:INPP,680,,,,,,,,,,,,,,,,,
IDX:INRU,590,,,,,,,,,,,,,,,,,
IDX:INTA,61,,,,,,,,,,,,,,,,,
IDX:INTD,392,,,,,,,,,,,,,,,,,
IDX:INTP,4880,,,,,,,,,,,,,,,,,
IDX:IPOL,112,,,,,,,,,,,,,,,,,
IDX:ISAT,2230,,,,,,,,,,,,,,,,,
IDX:ISSP,392,,,,,,,,,,,,,,,,,
IDX:ITMA,1255,,,,,,,,,,,,,,,,,
IDX:ITMG,25175,,,,,,,,,,,,,,,,,
IDX:JAWA,169,,,,,,,,,,,,,,,,,
IDX:JECC,720,,,,,,,,,,,,,,,,,
IDX:JIHD,396,,,,,,,,,,,,,,,,,
IDX:JKON,79,,,,,,,,,,,,,,,,,
IDX:JPFA,2020,,,,,,,,,,,,,,,,,
IDX:JRPT,1150,,,,,,,,,,,,,,,,,
IDX:JSMR,2580,,,,,,,,,,,,,,,,,
IDX:JSPT,1340,,,,,,,,,,,,,,,,,
IDX:JTPE,575,,,,,,,,,,,,,,,,,
IDX:KAEF,404,,,,,,,,,,,,,,,,,
IDX:KARW,212,,,,,,,,,,,,,,,,,
IDX:KBLI,350,,,,,,,,,,,,,,,,,
IDX:KBLM,352,,,,,,,,,,,,,,,,,
IDX:KBLV,101,,,,,,,,,,,,,,,,,
IDX:KBRI,50,,,,,,,,,,,,,,,,,
IDX:KDSI,462,,,,,,,,,,,,,,,,,
IDX:KIAS,21,,,,,,,,,,,,,,,,,
IDX:KICI,282,,,,,,,,,,,,,,,,,
IDX:KIJA,154,,,,,,,,,,,,,,,,,
IDX:KKGI,290,,,,,,,,,,,,,,,,,
IDX:KLBF,720,,,,,,,,,,,,,,,,,
IDX:KOBX,170,,,,,,,,,,,,,,,,,
IDX:KOIN,78,,,,,,,,,,,,,,,,,
IDX:KONI,2030,,,,,,,,,,,,,,,,,
IDX:KOPI,194,,,,,,,,,,,,,,,,,
IDX:KPIG,43,,,,,,,,,,,,,,,,,
IDX:KRAS,216,,,,,,,,,,,,,,,,,
IDX:KREN,14,,,,,,,,,,,,,,,,,
IDX:LAPD,71,,,,,,,,,,,,,,,,,
IDX:LCGP,114,,,,,,,,,,,,,,,,,
IDX:LEAD,92,,,,,,,,,,,,,,,,,
IDX:LINK,1550,,,,,,,,,,,,,,,,,
IDX:LION,268,,,,,,,,,,,,,,,,,
IDX:LMAS,50,,,,,,,,,,,,,,,,,
IDX:LMPI,158,,,,,,,,,,,,,,,,,
IDX:LMSH,256,,,,,,,,,,,,,,,,,
IDX:LPCK,515,,,,,,,,,,,,,,,,,
IDX:LPGI,650,,,,,,,,,,,,,,,,,
IDX:LPIN,430,,,,,,,,,,,,,,,,,
IDX:LPKR,44,,,,,,,,,,,,,,,,,
IDX:LPLI,212,,,,,,,,,,,,,,,,,
IDX:LPPF,1565,,,,,,,,,,,,,,,,,
IDX:LPPS,60,,,,,,,,,,,,,,,,,
IDX:LRNA,210,,,,,,,,,,,,,,,,,
IDX:LSIP,1450,,,,,,,,,,,,,,,,,
IDX:LTLS,910,,,,,,,,,,,,,,,,,
IDX:MAGP,50,,,,,,,,,,,,,,,,,
IDX:MAIN,625,,,,,,,,,,,,,,,,,
IDX:MAPI,1490,,,,,,,,,,,,,,,,,
IDX:MAYA,197,,,,,,,,,,,,,,,,,
IDX:MBAP,1645,,,,,,,,,,,,,,,,,
IDX:MBSS,3140,,,,,,,,,,,,,,,,,
IDX:MBTO,146,,,,,,,,,,,,,,,,,
IDX:MCOR,66,,,,,,,,,,,,,,,,,
IDX:MDIA,160,,,,,,,,,,,,,,,,,
IDX:MDKA,2830,,,,,,,,,,,,,,,,,
IDX:MDLN,37,,,,,,,,,,,,,,,,,
IDX:MDRN,26,,,,,,,,,,,,,,,,,
IDX:MEDC,1380,,,,,,,,,,,,,,,,,
IDX:MEGA,1930,,,,,,,,,,,,,,,,,
IDX:MERK,3700,,,,,,,,,,,,,,,,,
IDX:META,238,,,,,,,,,,,,,,,,,
IDX:MFMI,1300,,,,,,,,,,,,,,,,,
IDX:MGNA,202,,,,,,,,,,,,,,,,,
IDX:MICE,490,,,,,,,,,,,,,,,,,
IDX:MIDI,254,,,,,,,,,,,,,,,,,
IDX:MIKA,1665,,,,,,,,,,,,,,,,,
IDX:MIRA,22,,,,,,,,,,,,,,,,,
IDX:MITI,288,,,,,,,,,,,,,,,,,
IDX:MKPI,21625,,,,,,,,,,,,,,,,,
IDX:MLBI,6750,,,,,,,,,,,,,,,,,
IDX:MLIA,214,,,,,,,,,,,,,,,,,
IDX:MLPL,72,,,,,,,,,,,,,,,,,
IDX:MLPT,920,,,,,,,,,,,,,,,,,
IDX:MMLP,290,,,,,,,,,,,,,,,,,
IDX:MNCN,118,,,,,,,,,,,,,,,,,
IDX:MPMX,1020,,,,,,,,,,,,,,,,,
IDX:MPPA,36,,,,,,,,,,,,,,,,,
IDX:MRAT,378,,,,,,,,,,,,,,,,,
IDX:MREI,920,,,,,,,,,,,,,,,,,
IDX:MSKY,44,,,,,,,,,,,,,,,,,
IDX:MTDL,498,,,,,,,,,,,,,,,,,
IDX:MTFN,13,,,,,,,,,,,,,,,,,
IDX:MTLA,615,,,,,,,,,,,,,,,,,
IDX:MTSM,500,,,,,,,,,,,,,,,,,
IDX:MYOH,990,,,,,,,,,,,,,,,,,
IDX:MYOR,1385,,,,,,,,,,,,,,,,,
IDX:MYTX,41,,,,,,,,,,,,,,,,,
IDX:NELY,190,,,,,,,,,,,,,,,,,
IDX:NIKL,186,,,,,,,,,,,,,,,,,
IDX:NIRO,168,,,,,,,,,,,,,,,,,
IDX:NISP,1235,,,,,,,,,,,,,,,,,
IDX:NOBU,505,,,,,,,,,,,,,,,,,
IDX:NRCA,530,,,,,,,,,,,,,,,,,
IDX:OCAP,159,,,,,,,,,,,,,,,,,
IDX:OKAS,99,,,,,,,,,,,,,,,,,
IDX:OMRE,975,,,,,,,,,,,,,,,,,
IDX:PADI,40,,,,,,,,,,,,,,,,,
IDX:PALM,268,,,,,,,,,,,,,,,,,
IDX:PANR,402,,,,,,,,,,,,,,,,,
IDX:PANS,1645,,,,,,,,,,,,,,,,,
IDX:PBRX,26,,,,,,,,,,,,,,,,,
IDX:PDES,382,,,,,,,,,,,,,,,,,
IDX:PEGE,136,,,,,,,,,,,,,,,,,
IDX:PGAS,1390,,,,,,,,,,,,,,,,,
IDX:PGLI,266,,,,,,,,,,,,,,,,,
IDX:PICO,158,,,,,,,,,,,,,,,,,
IDX:PJAA,444,,,,,,,,,,,,,,,,,
IDX:PKPK,6175,,,,,,,,,,,,,,,,,
IDX:PLAS,50,,,,,,,,,,,,,,,,,
IDX:PLIN,2510,,,,,,,,,,,,,,,,,
IDX:PNBN,830,,,,,,,,,,,,,,,,,
IDX:PNBS,40,,,,,,,,,,,,,,,,,
IDX:PNIN,660,,,,,,,,,,,,,,,,,
IDX:PNLF,193,,,,,,,,,,,,,,,,,
IDX:PSAB,500,,,,,,,,,,,,,,,,,
IDX:PSDN,118,,,,,,,,,,,,,,,,,
IDX:PSKT,238,,,,,,,,,,,,,,,,,
IDX:PTBA,3120,,,,,,,,,,,,,,,,,
IDX:PTIS,193,,,,,,,,,,,,,,,,,
IDX:PTPP,164,,,,,,,,,,,,,,,,,
IDX:PTRO,5300,,,,,,,,,,,,,,,,,
IDX:PTSN,386,,,,,,,,,,,,,,,,,
IDX:PTSP,1125,,,,,,,,,,,,,,,,,
IDX:PUDP,266,,,,,,,,,,,,,,,,,
IDX:PWON,254,,,,,,,,,,,,,,,,,
IDX:PYFA,200,,,,,,,,,,,,,,,,,
IDX:RAJA,640,,,,,,,,,,,,,,,,,
IDX:RALS,376,,,,,,,,,,,,,,,,,
IDX:RANC,555,,,,,,,,,,,,,,,,,
IDX:RBMS,42,,,,,,,,,,,,,,,,,
IDX:RDTX,13325,,,,,,,,,,,,,,,,,
IDX:RELI,520,,,,,,,,,,,,,,,,,
IDX:RICY,67,,,,,,,,,,,,,,,,,
IDX:RIGS,640,,,,,,,,,,,,,,,,,
IDX:RIMO,50,,,,,,,,,,,,,,,,,
IDX:RODA,36,,,,,,,,,,,,,,,,,
IDX:ROTI,560,,,,,,,,,,,,,,,,,
IDX:RUIS,195,,,,,,,,,,,,,,,,,
IDX:SAFE,635,,,,,,,,,,,,,,,,,
IDX:SAME,292,,,,,,,,,,,,,,,,,
IDX:SCCO,2720,,,,,,,,,,,,,,,,,
IDX:SCMA,173,,,,,,,,,,,,,,,,,
IDX:SCPI,0,,,,,,,,,,,,,,,,,
IDX:SDMU,64,,,,,,,,,,,,,,,,,
IDX:SDPC,195,,,,,,,,,,,,,,,,,
IDX:SDRA,206,,,,,,,,,,,,,,,,,
IDX:SGRO,4450,,,,,,,,,,,,,,,,,
IDX:SHID,700,,,,,,,,,,,,,,,,,
IDX:SIDO,346,,,,,,,,,,,,,,,,,
IDX:SILO,1995,,,,,,,,,,,,,,,,,
IDX:SIMA,50,,,,,,,,,,,,,,,,,
IDX:SIMP,560,,,,,,,,,,,,,,,,,
IDX:SIPD,735,,,,,,,,,,,,,,,,,
IDX:SKBM,498,,,,,,,,,,,,,,,,,
IDX:SKLT,195,,,,,,,,,,,,,,,,,
IDX:SKYB,51,,,,,,,,,,,,,,,,,
IDX:SMAR,7450,,,,,,,,,,,,,,,,,
IDX:SMBR,149,,,,,,,,,,,,,,,,,
IDX:SMCB,775,,,,,,,,,,,,,,,,,
IDX:SMDM,468,,,,,,,,,,,,,,,,,
IDX:SMDR,396,,,,,,,,,,,,,,,,,
IDX:SMGR,1490,,,,,,,,,,,,,,,,,
IDX:SMMA,19950,,,,,,,,,,,,,,,,,
IDX:SMMT,3630,,,,,,,,,,,,,,,,,
IDX:SMRA,234,,,,,,,,,,,,,,,,,
IDX:SMRU,50,,,,,,,,,,,,,,,,,
IDX:SMSM,1675,,,,,,,,,,,,,,,,,
IDX:SOCI,620,,,,,,,,,,,,,,,,,
IDX:SONA,4080,,,,,,,,,,,,,,,,,
IDX:SPMA,161,,,,,,,,,,,,,,,,,
IDX:SQMI,90,,,,,,,,,,,,,,,,,
IDX:SRAJ,13000,,,,,,,,,,,,,,,,,
IDX:SRIL,146,,,,,,,,,,,,,,,,,
IDX:SRSN,131,,,,,,,,,,,,,,,,,
IDX:SRTG,1715,,,,,,,,,,,,,,,,,
IDX:SSIA,1685,,,,,,,,,,,,,,,,,
IDX:SSMS,1040,,,,,,,,,,,,,,,,,
IDX:SSTM,396,,,,,,,,,,,,,,,,,
IDX:STAR,308,,,,,,,,,,,,,,,,,
IDX:STTP,9150,,,,,,,,,,,,,,,,,
IDX:SUGI,50,,,,,,,,,,,,,,,,,
IDX:SULI,75,,,,,,,,,,,,,,,,,
IDX:SUPR,43850,,,,,,,,,,,,,,,,,
IDX:TALF,640,,,,,,,,,,,,,,,,,
IDX:TARA,32,,,,,,,,,,,,,,,,,
IDX:TAXI,13,,,,,,,,,,,,,,,,,
IDX:TBIG,1430,,,,,,,,,,,,,,,,,
IDX:TBLA,600,,,,,,,,,,,,,,,,,
IDX:TBMS,1215,,,,,,,,,,,,,,,,,
IDX:TCID,2500,,,,,,,,,,,,,,,,,
IDX:TELE,9,,,,,,,,,,,,,,,,,
IDX:TFCO,915,,,,,,,,,,,,,,,,,
IDX:TGKA,4990,,,,,,,,,,,,,,,,,
IDX:TIFA,280,,,,,,,,,,,,,,,,,
IDX:TINS,4590,,,,,,,,,,,,,,,,,
IDX:TIRA,346,,,,,,,,,,,,,,,,,
IDX:TIRT,590,,,,,,,,,,,,,,,,,
IDX:TKIM,7025,,,,,,,,,,,,,,,,,
IDX:TLKM,2250,,,,,,,,,,,,,,,,,
IDX:TMAS,118,,,,,,,,,,,,,,,,,
IDX:TMPO,167,,,,,,,,,,,,,,,,,
IDX:TOBA,460,,,,,,,,,,,,,,,,,
IDX:TOTL,1540,,,,,,,,,,,,,,,,,
IDX:TOTO,240,,,,,,,,,,,,,,,,,
IDX:TOWR,410,,,,,,,,,,,,,,,,,
IDX:TPIA,1720,,,,,,,,,,,,,,,,,
IDX:TPMA,446,,,,,,,,,,,,,,,,,
IDX:TRAM,50,,,,,,,,,,,,,,,,,
IDX:TRIL,50,,,,,,,,,,,,,,,,,
IDX:TRIM,790,,,,,,,,,,,,,,,,,
IDX:TRIO,426,,,,,,,,,,,,,,,,,
IDX:TRIS,173,,,,,,,,,,,,,,,,,
IDX:TRST,474,,,,,,,,,,,,,,,,,
IDX:TRUS,448,,,,,,,,,,,,,,,,,
IDX:TSPC,2620,,,,,,,,,,,,,,,,,
IDX:ULTJ,2060,,,,,,,,,,,,,,,,,
IDX:UNIC,15050,,,,,,,,,,,,,,,,,
IDX:UNIT,316,,,,,,,,,,,,,,,,,
IDX:UNSP,326,,,,,,,,,,,,,,,,,
IDX:UNTR,26150,,,,,,,,,,,,,,,,,
IDX:UNVR,1585,,,,,,,,,,,,,,,,,
IDX:VICO,146,,,,,,,,,,,,,,,,,
IDX:VINS,139,,,,,,,,,,,,,,,,,
IDX:VIVA,40,,,,,,,,,,,,,,,,,
IDX:VOKS,272,,,,,,,,,,,,,,,,,
IDX:VRNA,74,,,,,,,,,,,,,,,,,
IDX:WAPO,352,,,,,,,,,,,,,,,,,
IDX:WEHA,108,,,,,,,,,,,,,,,,,
IDX:WICO,123,,,,,,,,,,,,,,,,,
IDX:WIIM,1445,,,,,,,,,,,,,,,,,
IDX:WIKA,204,,,,,,,,,,,,,,,,,
IDX:WINS,560,,,,,,,,,,,,,,,,,
IDX:WOMF,270,,,,,,,,,,,,,,,,,
IDX:WSKT,202,,,,,,,,,,,,,,,,,
IDX:WTON,67,,,,,,,,,,,,,,,,,
IDX:YPAS,1225,,,,,,,,,,,,,,,,,
IDX:YULE,3560,,,,,,,,,,,,,,,,,
IDX:ZBRA,50,,,,,,,,,,,,,,,,,
IDX:SHIP,2620,,,,,,,,,,,,,,,,,
IDX:CASA,1870,,,,,,,,,,,,,,,,,
IDX:DAYA,1110,,,,,,,,,,,,,,,,,
IDX:DPUM,105,,,,,,,,,,,,,,,,,
IDX:IDPR,236,,,,,,,,,,,,,,,,,
IDX:JGLE,46,,,,,,,,,,,,,,,,,
IDX:KINO,1370,,,,,,,,,,,,,,,,,
IDX:MARI,23,,,,,,,,,,,,,,,,,
IDX:MKNT,1,,,,,,,,,,,,,,,,,
IDX:MTRA,244,,,,,,,,,,,,,,,,,
IDX:OASA,238,,,,,,,,,,,,,,,,,
IDX:POWR,945,,,,,,,,,,,,,,,,,
IDX:INCF,50,,,,,,,,,,,,,,,,,
IDX:WSBP,14,,,,,,,,,,,,,,,,,
IDX:PBSA,740,,,,,,,,,,,,,,,,,
IDX:PRDA,2850,,,,,,,,,,,,,,,,,
IDX:BOGA,1550,,,,,,,,,,,,,,,,,
IDX:BRIS,1405,,,,,,,,,,,,,,,,,
IDX:PORT,945,,,,,,,,,,,,,,,,,
IDX:CARS,106,,,,,,,,,,,,,,,,,
IDX:MINA,202,,,,,,,,,,,,,,,,,
IDX:CLEO,418,,,,,,,,,,,,,,,,,
IDX:TAMU,24,,,,,,,,,,,,,,,,,
IDX:CSIS,188,,,,,,,,,,,,,,,,,
IDX:TGRA,27,,,,,,,,,,,,,,,,,
IDX:FIRE,103,,,,,,,,,,,,,,,,,
IDX:TOPS,1,,,,,,,,,,,,,,,,,
IDX:KMTR,254,,,,,,,,,,,,,,,,,
IDX:ARMY,50,,,,,,,,,,,,,,,,,
IDX:MAPB,1185,,,,,,,,,,,,,,,,,
IDX:WOOD,192,,,,,,,,,,,,,,,,,
IDX:HRTA,2230,,,,,,,,,,,,,,,,,
IDX:MABA,50,,,,,,,,,,,,,,,,,
IDX:HOKI,39,,,,,,,,,,,,,,,,,
IDX:MPOW,97,,,,,,,,,,,,,,,,,
IDX:MARK,1165,,,,,,,,,,,,,,,,,
IDX:NASA,37,,,,,,,,,,,,,,,,,
IDX:MDKI,191,,,,,,,,,,,,,,,,,
IDX:BELL,92,,,,,,,,,,,,,,,,,
IDX:KIOS,75,,,,,,,,,,,,,,,,,
IDX:GMFI,50,,,,,,,,,,,,,,,,,
IDX:MTWI,266,,,,,,,,,,,,,,,,,
IDX:ZINC,30,,,,,,,,,,,,,,,,,
IDX:MCAS,230,,,,,,,,,,,,,,,,,
IDX:PPRE,90,,,,,,,,,,,,,,,,,
IDX:WEGE,37,,,,,,,,,,,,,,,,,
IDX:PSSI,360,,,,,,,,,,,,,,,,,
IDX:MORA,4560,,,,,,,,,,,,,,,,,
IDX:DWGL,206,,,,,,,,,,,,,,,,,
IDX:PBID,520,,,,,,,,,,,,,,,,,
IDX:JMAS,228,,,,,,,,,,,,,,,,,
IDX:CAMP,159,,,,,,,,,,,,,,,,,
IDX:IPCM,280,,,,,,,,,,,,,,,,,
IDX:PCAR,58,,,,,,,,,,,,,,,,,
IDX:LCKM,109,,,,,,,,,,,,,,,,,
IDX:BOSS,50,,,,,,,,,,,,,,,,,
IDX:HELI,276,,,,,,,,,,,,,,,,,
IDX:JSKY,52,,,,,,,,,,,,,,,,,
IDX:INPS,1065,,,,,,,,,,,,,,,,,
IDX:GHON,1620,,,,,,,,,,,,,,,,,
IDX:TDPM,119,,,,,,,,,,,,,,,,,
IDX:DFAM,67,,,,,,,,,,,,,,,,,
IDX:NICK,2820,,,,,,,,,,,,,,,,,
IDX:BTPS,930,,,,,,,,,,,,,,,,,
IDX:SPTO,600,,,,,,,,,,,,,,,,,
IDX:PRIM,123,,,,,,,,,,,,,,,,,
IDX:HEAL,595,,,,,,,,,,,,,,,,,
IDX:TRUK,2580,,,,,,,,,,,,,,,,,
IDX:PZZA,180,,,,,,,,,,,,,,,,,
IDX:TUGU,1370,,,,,,,,,,,,,,,,,
IDX:MSIN,184,,,,,,,,,,,,,,,,,
IDX:SWAT,16,,,,,,,,,,,,,,,,,
IDX:TNCA,176,,,,,,,,,,,,,,,,,
IDX:MAPA,650,,,,,,,,,,,,,,,,,
IDX:TCPI,1365,,,,,,,,,,,,,,,,,
IDX:IPCC,1060,,,,,,,,,,,,,,,,,
IDX:RISE,600,,,,,,,,,,,,,,,,,
IDX:BPTR,69,,,,,,,,,,,,,,,,,
IDX:POLL,112,,,,,,,,,,,,,,,,,
IDX:NFCX,1700,,,,,,,,,,,,,,,,,
IDX:MGRO,720,,,,,,,,,,,,,,,,,
IDX:NUSA,50,,,,,,,,,,,,,,,,,
IDX:FILM,610,,,,,,,,,,,,,,,,,
IDX:ANDI,21,,,,,,,,,,,,,,,,,
IDX:LAND,53,,,,,,,,,,,,,,,,,
IDX:MOLI,408,,,,,,,,,,,,,,,,,
IDX:PANI,4360,,,,,,,,,,,,,,,,,
IDX:DIGI,29,,,,,,,,,,,,,,,,,
IDX:CITY,159,,,,,,,,,,,,,,,,,
IDX:SAPX,416,,,,,,,,,,,,,,,,,
IDX:SURE,3010,,,,,,,,,,,,,,,,,
IDX:HKMU,50,,,,,,,,,,,,,,,,,
IDX:MPRO,12000,,,,,,,,,,,,,,,,,
IDX:DUCK,176,,,,,,,,,,,,,,,,,
IDX:GOOD,306,,,,,,,,,,,,,,,,,
IDX:SKRN,418,,,,,,,,,,,,,,,,,
IDX:YELO,74,,,,,,,,,,,,,,,,,
IDX:CAKK,154,,,,,,,,,,,,,,,,,
IDX:SATU,244,,,,,,,,,,,,,,,,,
IDX:SOSS,865,,,,,,,,,,,,,,,,,
IDX:DEAL,6,,,,,,,,,,,,,,,,,
IDX:POLA,80,,,,,,,,,,,,,,,,,
IDX:DIVA,136,,,,,,,,,,,,,,,,,
IDX:LUCK,107,,,,,,,,,,,,,,,,,
IDX:URBN,296,,,,,,,,,,,,,,,,,
IDX:SOTS,484,,,,,,,,,,,,,,,,,
IDX:ZONE,615,,,,,,,,,,,,,,,,,
IDX:PEHA,288,,,,,,,,,,,,,,,,,
IDX:FOOD,176,,,,,,,,,,,,,,,,,
IDX:BEEF,402,,,,,,,,,,,,,,,,,
IDX:POLI,870,,,,,,,,,,,,,,,,,
IDX:CLAY,2780,,,,,,,,,,,,,,,,,
IDX:NATO,995,,,,,,,,,,,,,,,,,
IDX:JAYA,150,,,,,,,,,,,,,,,,,
IDX:COCO,112,,,,,,,,,,,,,,,,,
IDX:MTPS,81,,,,,,,,,,,,,,,,,
IDX:CPRI,50,,,,,,,,,,,,,,,,,
IDX:HRME,37,,,,,,,,,,,,,,,,,
IDX:POSA,50,,,,,,,,,,,,,,,,,
IDX:JAST,82,,,,,,,,,,,,,,,,,
IDX:FITT,406,,,,,,,,,,,,,,,,,
IDX:BOLA,157,,,,,,,,,,,,,,,,,
IDX:CCSI,406,,,,,,,,,,,,,,,,,
IDX:SFAN,1985,,,,,,,,,,,,,,,,,
IDX:POLU,14750,,,,,,,,,,,,,,,,,
IDX:KJEN,144,,,,,,,,,,,,,,,,,
IDX:KAYU,18,,,,,,,,,,,,,,,,,
IDX:ITIC,200,,,,,,,,,,,,,,,,,
IDX:PAMG,45,,,,,,,,,,,,,,,,,
IDX:IPTV,23,,,,,,,,,,,,,,,,,
IDX:BLUE,3400,,,,,,,,,,,,,,,,,
IDX:ENVY,50,,,,,,,,,,,,,,,,,
IDX:EAST,88,,,,,,,,,,,,,,,,,
IDX:LIFE,9525,,,,,,,,,,,,,,,,,
IDX:FUJI,290,,,,,,,,,,,,,,,,,
IDX:KOTA,159,,,,,,,,,,,,,,,,,
IDX:INOV,137,,,,,,,,,,,,,,,,,
IDX:ARKA,22,,,,,,,,,,,,,,,,,
IDX:SMKL,151,,,,,,,,,,,,,,,,,
IDX:HDIT,35,,,,,,,,,,,,,,,,,
IDX:KEEN,845,,,,,,,,,,,,,,,,,
IDX:BAPI,18,,,,,,,,,,,,,,,,,
IDX:TFAS,176,,,,,,,,,,,,,,,,,
IDX:GGRP,370,,,,,,,,,,,,,,,,,
IDX:OPMS,90,,,,,,,,,,,,,,,,,
IDX:NZIA,145,,,,,,,,,,,,,,,,,
IDX:SLIS,70,,,,,,,,,,,,,,,,,
IDX:PURE,51,,,,,,,,,,,,,,,,,
IDX:IRRA,352,,,,,,,,,,,,,,,,,
IDX:DMMX,176,,,,,,,,,,,,,,,,,
IDX:SINI,17625,,,,,,,,,,,,,,,,,
IDX:WOWS,48,,,,,,,,,,,,,,,,,
IDX:ESIP,94,,,,,,,,,,,,,,,,,
IDX:TEBE,2690,,,,,,,,,,,,,,,,,
IDX:KEJU,585,,,,,,,,,,,,,,,,,
IDX:PSGO,194,,,,,,,,,,,,,,,,,
IDX:AGAR,1595,,,,,,,,,,,,,,,,,
IDX:IFSH,1370,,,,,,,,,,,,,,,,,
IDX:REAL,36,,,,,,,,,,,,,,,,,
IDX:IFII,206,,,,,,,,,,,,,,,,,
IDX:PMJS,141,,,,,,,,,,,,,,,,,
IDX:UCID,470,,,,,,,,,,,,,,,,,
IDX:GLVA,328,,,,,,,,,,,,,,,,,
IDX:PGJO,795,,,,,,,,,,,,,,,,,
IDX:AMAR,224,,,,,,,,,,,,,,,,,
IDX:CSRA,665,,,,,,,,,,,,,,,,,
IDX:INDO,164,,,,,,,,,,,,,,,,,
IDX:AMOR,362,,,,,,,,,,,,,,,,,
IDX:TRIN,242,,,,,,,,,,,,,,,,,
IDX:DMND,590,,,,,,,,,,,,,,,,,
IDX:PURA,37,,,,,,,,,,,,,,,,,
IDX:PTPW,1100,,,,,,,,,,,,,,,,,
IDX:TAMA,186,,,,,,,,,,,,,,,,,
IDX:IKAN,77,,,,,,,,,,,,,,,,,
IDX:SAMF,348,,,,,,,,,,,,,,,,,
IDX:SBAT,1,,,,,,,,,,,,,,,,,
IDX:KBAG,38,,,,,,,,,,,,,,,,,
IDX:CBMF,50,,,,,,,,,,,,,,,,,
IDX:RONY,1540,,,,,,,,,,,,,,,,,
IDX:CSMI,318,,,,,,,,,,,,,,,,,
IDX:BBSS,93,,,,,,,,,,,,,,,,,
IDX:BHAT,1770,,,,,,,,,,,,,,,,,
IDX:CASH,256,,,,,,,,,,,,,,,,,
IDX:TECH,50,,,,,,,,,,,,,,,,,
IDX:EPAC,44,,,,,,,,,,,,,,,,,
IDX:UANG,3560,,,,,,,,,,,,,,,,,
IDX:PGUN,9525,,,,,,,,,,,,,,,,,
IDX:SOFA,290,,,,,,,,,,,,,,,,,
IDX:PPGL,468,,,,,,,,,,,,,,,,,
IDX:TOYS,8,,,,,,,,,,,,,,,,,
IDX:SGER,750,,,,,,,,,,,,,,,,,
IDX:TRJA,122,,,,,,,,,,,,,,,,,
IDX:PNGO,3450,,,,,,,,,,,,,,,,,
IDX:SCNP,163,,,,,,,,,,,,,,,,,
IDX:BBSI,4270,,,,,,,,,,,,,,,,,
IDX:KMDS,500,,,,,,,,,,,,,,,,,
IDX:PURI,142,,,,,,,,,,,,,,,,,
IDX:SOHO,1260,,,,,,,,,,,,,,,,,
IDX:HOMI,236,,,,,,,,,,,,,,,,,
IDX:ROCK,2880,,,,,,,,,,,,,,,,,
IDX:ENZO,57,,,,,,,,,,,,,,,,,
IDX:PLAN,66,,,,,,,,,,,,,,,,,
IDX:PTDU,70,,,,,,,,,,,,,,,,,
IDX:ATAP,540,,,,,,,,,,,,,,,,,
IDX:VICI,925,,,,,,,,,,,,,,,,,
IDX:PMMP,50,,,,,,,,,,,,,,,,,
IDX:BANK,236,,,,,,,,,,,,,,,,,
IDX:WMUU,26,,,,,,,,,,,,,,,,,
IDX:EDGE,4790,,,,,,,,,,,,,,,,,
IDX:UNIQ,135,,,,,,,,,,,,,,,,,
IDX:BEBS,5,,,,,,,,,,,,,,,,,
IDX:SNLK,234,,,,,,,,,,,,,,,,,
IDX:ZYRX,127,,,,,,,,,,,,,,,,,
IDX:LFLO,565,,,,,,,,,,,,,,,,,
IDX:FIMP,69,,,,,,,,,,,,,,,,,
IDX:TAPG,1940,,,,,,,,,,,,,,,,,
IDX:NPGF,44,,,,,,,,,,,,,,,,,
IDX:LUCY,270,,,,,,,,,,,,,,,,,
IDX:ADCP,50,,,,,,,,,,,,,,,,,
IDX:HOPE,326,,,,,,,,,,,,,,,,,
IDX:MGLV,14725,,,,,,,,,,,,,,,,,
IDX:TRUE,44,,,,,,,,,,,,,,,,,
IDX:LABA,106,,,,,,,,,,,,,,,,,
IDX:ARCI,1215,,,,,,,,,,,,,,,,,
IDX:IPAC,189,,,,,,,,,,,,,,,,,
IDX:MASB,3280,,,,,,,,,,,,,,,,,
IDX:BMHS,199,,,,,,,,,,,,,,,,,
IDX:FLMC,132,,,,,,,,,,,,,,,,,
IDX:NICL,352,,,,,,,,,,,,,,,,,
IDX:UVCR,268,,,,,,,,,,,,,,,,,
IDX:BUKA,104,,,,,,,,,,,,,,,,,
IDX:HAIS,175,,,,,,,,,,,,,,,,,
IDX:OILS,290,,,,,,,,,,,,,,,,,
IDX:GPSO,230,,,,,,,,,,,,,,,,,
IDX:MCOL,3610,,,,,,,,,,,,,,,,,
IDX:RSGK,1050,,,,,,,,,,,,,,,,,
IDX:RUNS,63,,,,,,,,,,,,,,,,,
IDX:SBMA,109,,,,,,,,,,,,,,,,,
IDX:CMNT,745,,,,,,,,,,,,,,,,,
IDX:GTSI,134,,,,,,,,,,,,,,,,,
IDX:IDEA,148,,,,,,,,,,,,,,,,,
IDX:KUAS,86,,,,,,,,,,,,,,,,,
IDX:BOBA,192,,,,,,,,,,,,,,,,,
IDX:MTEL,448,,,,,,,,,,,,,,,,,
IDX:DEPO,228,,,,,,,,,,,,,,,,,
IDX:BINO,107,,,,,,,,,,,,,,,,,
IDX:CMRY,4360,,,,,,,,,,,,,,,,,
IDX:WGSH,102,,,,,,,,,,,,,,,,,
IDX:TAYS,50,,,,,,,,,,,,,,,,,
IDX:WMPP,23,,,,,,,,,,,,,,,,,
IDX:RMKE,328,,,,,,,,,,,,,,,,,
IDX:OBMD,188,,,,,,,,,,,,,,,,,
IDX:AVIA,332,,,,,,,,,,,,,,,,,
IDX:IPPE,14,,,,,,,,,,,,,,,,,
IDX:NASI,189,,,,,,,,,,,,,,,,,
IDX:BSML,540,,,,,,,,,,,,,,,,,
IDX:DRMA,915,,,,,,,,,,,,,,,,,
IDX:ADMR,1440,,,,,,,,,,,,,,,,,
IDX:SEMA,428,,,,,,,,,,,,,,,,,
IDX:ASLC,57,,,,,,,,,,,,,,,,,
IDX:NETV,32,,,,,,,,,,,,,,,,,
IDX:BAUT,30,,,,,,,,,,,,,,,,,
IDX:ENAK,188,,,,,,,,,,,,,,,,,
IDX:NTBK,62,,,,,,,,,,,,,,,,,
IDX:SMKM,90,,,,,,,,,,,,,,,,,
IDX:STAA,1190,,,,,,,,,,,,,,,,,
IDX:NANO,24,,,,,,,,,,,,,,,,,
IDX:BIKE,1505,,,,,,,,,,,,,,,,,
IDX:WIRG,56,,,,,,,,,,,,,,,,,
IDX:SICO,108,,,,,,,,,,,,,,,,,
IDX:GOTO,28,,,,,,,,,,,,,,,,,
IDX:TLDN,570,,,,,,,,,,,,,,,,,
IDX:MTMH,945,,,,,,,,,,,,,,,,,
IDX:WINR,24,,,,,,,,,,,,,,,,,
IDX:IBOS,81,,,,,,,,,,,,,,,,,
IDX:OLIV,47,,,,,,,,,,,,,,,,,
IDX:ASHA,39,,,,,,,,,,,,,,,,,
IDX:SWID,95,,,,,,,,,,,,,,,,,
IDX:TRGU,161,,,,,,,,,,,,,,,,,
IDX:ARKO,2920,,,,,,,,,,,,,,,,,
IDX:CHEM,53,,,,,,,,,,,,,,,,,
IDX:DEWI,238,,,,,,,,,,,,,,,,,
IDX:AXIO,111,,,,,,,,,,,,,,,,,
IDX:KRYA,46,,,,,,,,,,,,,,,,,
IDX:HATM,530,,,,,,,,,,,,,,,,,
IDX:RCCC,107,,,,,,,,,,,,,,,,,
IDX:GULA,760,,,,,,,,,,,,,,,,,
IDX:JARR,3470,,,,,,,,,,,,,,,,,
IDX:AMMS,208,,,,,,,,,,,,,,,,,
IDX:RAFI,36,,,,,,,,,,,,,,,,,
IDX:KKES,53,,,,,,,,,,,,,,,,,
IDX:ELPI,565,,,,,,,,,,,,,,,,,
IDX:EURO,1420,,,,,,,,,,,,,,,,,
IDX:KLIN,115,,,,,,,,,,,,,,,,,
IDX:TOOL,55,,,,,,,,,,,,,,,,,
IDX:BUAH,484,,,,,,,,,,,,,,,,,
IDX:CRAB,218,,,,,,,,,,,,,,,,,
IDX:MEDS,71,,,,,,,,,,,,,,,,,
IDX:COAL,31,,,,,,,,,,,,,,,,,
IDX:PRAY,735,,,,,,,,,,,,,,,,,
IDX:CBUT,930,,,,,,,,,,,,,,,,,
IDX:BELI,262,,,,,,,,,,,,,,,,,
IDX:MKTR,120,,,,,,,,,,,,,,,,,
IDX:OMED,216,,,,,,,,,,,,,,,,,
IDX:BSBK,39,,,,,,,,,,,,,,,,,
IDX:PDPP,320,,,,,,,,,,,,,,,,,
IDX:KDTN,420,,,,,,,,,,,,,,,,,
IDX:ZATA,51,,,,,,,,,,,,,,,,,
IDX:NINE,77,,,,,,,,,,,,,,,,,
IDX:MMIX,920,,,,,,,,,,,,,,,,,
IDX:PADA,163,,,,,,,,,,,,,,,,,
IDX:ISAP,22,,,,,,,,,,,,,,,,,
IDX:VTNY,59,,,,,,,,,,,,,,,,,
IDX:SOUL,37,,,,,,,,,,,,,,,,,
IDX:ELIT,246,,,,,,,,,,,,,,,,,
IDX:BEER,59,,,,,,,,,,,,,,,,,
IDX:CBPE,494,,,,,,,,,,,,,,,,,
IDX:SUNI,625,,,,,,,,,,,,,,,,,
IDX:CBRE,720,,,,,,,,,,,,,,,,,
IDX:WINE,126,,,,,,,,,,,,,,,,,
IDX:BMBL,31,,,,,,,,,,,,,,,,,
IDX:PEVE,326,,,,,,,,,,,,,,,,,
IDX:LAJU,55,,,,,,,,,,,,,,,,,
IDX:FWCT,76,,,,,,,,,,,,,,,,,
IDX:NAYZ,74,,,,,,,,,,,,,,,,,
IDX:IRSX,320,,,,,,,,,,,,,,,,,
IDX:PACK,428,,,,,,,,,,,,,,,,,
IDX:VAST,99,,,,,,,,,,,,,,,,,
IDX:CHIP,675,,,,,,,,,,,,,,,,,
IDX:HALO,60,,,,,,,,,,,,,,,,,
IDX:KING,388,,,,,,,,,,,,,,,,,
IDX:PGEO,950,,,,,,,,,,,,,,,,,
IDX:FUTR,254,,,,,,,,,,,,,,,,,
IDX:HILL,16,,,,,,,,,,,,,,,,,
IDX:BDKR,171,,,,,,,,,,,,,,,,,
IDX:PTMP,45,,,,,,,,,,,,,,,,,
IDX:SAGE,28,,,,,,,,,,,,,,,,,
IDX:TRON,76,,,,,,,,,,,,,,,,,
IDX:CUAN,875,,,,,,,,,,,,,,,,,
IDX:NSSS,710,,,,,,,,,,,,,,,,,
IDX:GTRA,252,,,,,,,,,,,,,,,,,
IDX:HAJJ,103,,,,,,,,,,,,,,,,,
IDX:JATI,104,,,,,,,,,,,,,,,,,
IDX:TYRE,109,,,,,,,,,,,,,,,,,
IDX:MPXL,246,,,,,,,,,,,,,,,,,
IDX:SMIL,452,,,,,,,,,,,,,,,,,
IDX:KLAS,73,,,,,,,,,,,,,,,,,
IDX:MAXI,25,,,,,,,,,,,,,,,,,
IDX:VKTR,840,,,,,,,,,,,,,,,,,
IDX:RELF,35,,,,,,,,,,,,,,,,,
IDX:AMMN,4280,,,,,,,,,,,,,,,,,
IDX:CRSN,136,,,,,,,,,,,,,,,,,
IDX:GRPM,126,,,,,,,,,,,,,,,,,
IDX:WIDI,29,,,,,,,,,,,,,,,,,
IDX:TGUK,116,,,,,,,,,,,,,,,,,
IDX:INET,272,,,,,,,,,,,,,,,,,
IDX:MAHA,136,,,,,,,,,,,,,,,,,
IDX:RMKO,270,,,,,,,,,,,,,,,,,
IDX:CNMA,90,,,,,,,,,,,,,,,,,
IDX:FOLK,176,,,,,,,,,,,,,,,,,
IDX:HBAT,400,,,,,,,,,,,,,,,,,
IDX:GRIA,156,,,,,,,,,,,,,,,,,
IDX:PPRI,142,,,,,,,,,,,,,,,,,
IDX:ERAL,300,,,,,,,,,,,,,,,,,
IDX:CYBR,482,,,,,,,,,,,,,,,,,
IDX:MUTU,118,,,,,,,,,,,,,,,,,
IDX:LMAX,106,,,,,,,,,,,,,,,,,
IDX:HUMI,114,,,,,,,,,,,,,,,,,
IDX:MSIE,123,,,,,,,,,,,,,,,,,
IDX:RSCH,540,,,,,,,,,,,,,,,,,
IDX:BABY,187,,,,,,,,,,,,,,,,,
IDX:AEGS,46,,,,,,,,,,,,,,,,,
IDX:IOTF,44,,,,,,,,,,,,,,,,,
IDX:KOCI,97,,,,,,,,,,,,,,,,,
IDX:PTPS,147,,,,,,,,,,,,,,,,,
IDX:BREN,2840,,,,,,,,,,,,,,,,,
IDX:STRK,49,,,,,,,,,,,,,,,,,
IDX:KOKA,146,,,,,,,,,,,,,,,,,
IDX:LOPI,60,,,,,,,,,,,,,,,,,
IDX:UDNG,390,,,,,,,,,,,,,,,,,
IDX:RGAS,90,,,,,,,,,,,,,,,,,
IDX:MSTI,1320,,,,,,,,,,,,,,,,,
IDX:IKPM,172,,,,,,,,,,,,,,,,,
IDX:AYAM,494,,,,,,,,,,,,,,,,,
IDX:SURI,80,,,,,,,,,,,,,,,,,
IDX:ASLI,486,,,,,,,,,,,,,,,,,
IDX:GRPH,103,,,,,,,,,,,,,,,,,
IDX:SMGA,86,,,,,,,,,,,,,,,,,
IDX:UNTD,74,,,,,,,,,,,,,,,,,
IDX:TOSK,76,,,,,,,,,,,,,,,,,
IDX:MPIX,198,,,,,,,,,,,,,,,,,
IDX:ALII,695,,,,,,,,,,,,,,,,,
IDX:MKAP,1135,,,,,,,,,,,,,,,,,
IDX:MEJA,136,,,,,,,,,,,,,,,,,
IDX:LIVE,158,,,,,,,,,,,,,,,,,
IDX:HYGN,185,,,,,,,,,,,,,,,,,
IDX:BAIK,226,,,,,,,,,,,,,,,,,
IDX:VISI,1085,,,,,,,,,,,,,,,,,
IDX:AREA,310,,,,,,,,,,,,,,,,,
IDX:MHKI,115,,,,,,,,,,,,,,,,,
IDX:ATLA,31,,,,,,,,,,,,,,,,,
IDX:DATA,1530,,,,,,,,,,,,,,,,,
IDX:SOLA,73,,,,,,,,,,,,,,,,,
IDX:BATR,89,,,,,,,,,,,,,,,,,
IDX:SPRE,90,,,,,,,,,,,,,,,,,
IDX:PART,119,,,,,,,,,,,,,,,,,
IDX:GOLF,159,,,,,,,,,,,,,,,,,
IDX:ISEA,75,,,,,,,,,,,,,,,,,
IDX:BLES,188,,,,,,,,,,,,,,,,,
IDX:GUNA,218,,,,,,,,,,,,,,,,,
IDX:LABS,145,,,,,,,,,,,,,,,,,
IDX:DOSS,159,,,,,,,,,,,,,,,,,
IDX:NEST,765,,,,,,,,,,,,,,,,,
IDX:PTMR,374,,,,,,,,,,,,,,,,,
IDX:VERN,176,,,,,,,,,,,,,,,,,
IDX:DAAZ,1905,,,,,,,,,,,,,,,,,
IDX:BOAT,119,,,,,,,,,,,,,,,,,
IDX:NAIK,80,,,,,,,,,,,,,,,,,
IDX:AADI,11325,,,,,,,,,,,,,,,,,
IDX:MDIY,945,,,,,,,,,,,,,,,,,
IDX:KSIX,412,,,,,,,,,,,,,,,,,
IDX:RATU,4080,,,,,,,,,,,,,,,,,
IDX:YOII,73,,,,,,,,,,,,,,,,,
IDX:HGII,139,,,,,,,,,,,,,,,,,
IDX:BRRC,49,,,,,,,,,,,,,,,,,
IDX:DGWG,310,,,,,,,,,,,,,,,,,
IDX:CBDK,3330,,,,,,,,,,,,,,,,,
IDX:OBAT,216,,,,,,,,,,,,,,,,,
IDX:MINE,264,,,,,,,,,,,,,,,,,
IDX:ASPR,145,,,,,,,,,,,,,,,,,
IDX:PSAT,810,,,,,,,,,,,,,,,,,
IDX:COIN,720,,,,,,,,,,,,,,,,,
IDX:CDIA,560,,,,,,,,,,,,,,,,,
IDX:BLOG,348,,,,,,,,,,,,,,,,,
IDX:MERI,106,,,,,,,,,,,,,,,,,
IDX:KAQI,79,,,,,,,,,,,,,,,,,
IDX:YUPI,1225,,,,,,,,,,,,,,,,,
IDX:FORE,790,,,,,,,,,,,,,,,,,
IDX:MDLA,206,,,,,,,,,,,,,,,,,
IDX:DKHH,70,,,,,,,,,,,,,,,,,
IDX:AYLS,182,,,,,,,,,,,,,,,,,
IDX:DADA,24,,,,,,,,,,,,,,,,,
IDX:ASPI,980,,,,,,,,,,,,,,,,,
IDX:ESTA,159,,,,,,,,,,,,,,,,,
IDX:BESS,815,,,,,,,,,,,,,,,,,
IDX:AMAN,197,,,,,,,,,,,,,,,,,
IDX:CARE,370,,,,,,,,,,,,,,,,,
IDX:PIPA,138,,,,,,,,,,,,,,,,,
IDX:NCKL,850,,,,,,,,,,,,,,,,,
IDX:MENN,53,,,,,,,,,,,,,,,,,
IDX:AWAN,155,,,,,,,,,,,,,,,,,
IDX:MBMA,464,,,,,,,,,,,,,,,,,
IDX:RAAM,158,,,,,,,,,,,,,,,,,
IDX:DOOH,378,,,,,,,,,,,,,,,,,
IDX:CGAS,147,,,,,,,,,,,,,,,,,
IDX:NICE,326,,,,,,,,,,,,,,,,,
IDX:MSJA,820,,,,,,,,,,,,,,,,,
IDX:SMLE,294,,,,,,,,,,,,,,,,,
IDX:ACRO,50,,,,,,,,,,,,,,,,,
IDX:MANG,34,,,,,,,,,,,,,,,,,
IDX:WIFI,1475,,,,,,,,,,,,,,,,,
IDX:FAPA,7375,,,,,,,,,,,,,,,,,
IDX:DCII,201250,,,,,,,,,,,,,,,,,
IDX:KETR,955,,,,,,,,,,,,,,,,,
IDX:DGNS,282,,,,,,,,,,,,,,,,,
IDX:UFOE,140,,,,,,,,,,,,,,,,,
IDX:CHEK,117,,,,,,,,,,,,,,,,,
IDX:PMUI,98,,,,,,,,,,,,,,,,,
IDX:EMAS,7600,,,,,,,,,,,,,,,,,
IDX:PJHB,150,,,,,,,,,,,,,,,,,
IDX:RLCO,4100,,,,,,,,,,,,,,,,,
IDX:SUPA,484,,,,,,,,,,,,,,,,,
IDX:WBSA,595,,,,,,,,,,,,,,,,,
IDX:ADMF,8325,,,,,,,,,,,,,,,,,
IDX:ADMG,230,,,,,,,,,,,,,,,,,
IDX:ADRO,2430,,,,,,,,,,,,,,,,,
IDX:AGII,3330,,,,,,,,,,,,,,,,,
IDX:AGRO,135,,,,,,,,,,,,,,,,,
IDX:AGRS,58,,,,,,,,,,,,,,,,,
IDX:AHAP,94,,,,,,,,,,,,,,,,,
IDX:AIMS,695,,,,,,,,,,,,,,,,,
IDX:PNSE,458,,,,,,,,,,,,,,,,,
IDX:POLY,32,,,,,,,,,,,,,,,,,
IDX:POOL,50,,,,,,,,,,,,,,,,,
IDX:PPRO,19,,,,,,,,,,,,,,,,,
IDX:BACH,346,,,,,,,,,,,,,,,,,
IDX:EMMI,448,,,,,,,,,,,,,,,,,
IDX:JECX,1310,,,,,,,,,,,,,,,,,
IDX:JELI,404,,,,,,,,,,,,,,,,,
IDX:PRDL,170,,,,,,,,,,,,,,,,,
IDX:RANS,179,,,,,,,,,,,,,,,,,
